{
  "n_submissions": 134,
  "n_tasks": 50,
  "solve_rates": {
    "django__django-10914": 0.8656716417910447,
    "django__django-11099": 0.9402985074626866,
    "django__django-10097": 0.3358208955223881,
    "astropy__astropy-7671": 0.8432835820895522,
    "astropy__astropy-14309": 0.9402985074626866,
    "django__django-11133": 0.9253731343283582,
    "django__django-11451": 0.7835820895522388,
    "django__django-11066": 0.9477611940298507,
    "django__django-11119": 0.9402985074626866,
    "astropy__astropy-7166": 0.7910447761194029,
    "astropy__astropy-14995": 0.8582089552238806,
    "django__django-11276": 0.746268656716418,
    "astropy__astropy-7606": 0.05223880597014925,
    "django__django-11095": 0.8955223880597015,
    "django__django-11163": 0.9253731343283582,
    "astropy__astropy-7336": 0.8955223880597015,
    "astropy__astropy-8872": 0.06716417910447761,
    "astropy__astropy-8707": 0.07462686567164178,
    "django__django-10973": 0.7835820895522388,
    "django__django-11179": 0.8656716417910447,
    "django__django-10880": 0.7388059701492538,
    "django__django-11292": 0.7910447761194029,
    "django__django-11211": 0.6716417910447762,
    "astropy__astropy-13579": 0.7089552238805971,
    "django__django-11141": 0.14925373134328357,
    "astropy__astropy-14508": 0.5597014925373134,
    "django__django-11206": 0.31343283582089554,
    "django__django-11333": 0.4701492537313433,
    "astropy__astropy-14096": 0.6791044776119403,
    "django__django-11149": 0.27611940298507465,
    "astropy__astropy-14539": 0.7164179104477612,
    "astropy__astropy-13236": 0.08208955223880597,
    "django__django-11265": 0.30597014925373134,
    "astropy__astropy-12907": 0.6492537313432836,
    "django__django-11239": 0.3358208955223881,
    "astropy__astropy-13453": 0.4925373134328358,
    "django__django-11299": 0.4626865671641791,
    "astropy__astropy-14598": 0.05223880597014925,
    "astropy__astropy-14369": 0.16417910447761194,
    "django__django-11433": 0.12686567164179105,
    "astropy__astropy-14365": 0.09701492537313433,
    "astropy__astropy-14182": 0.05223880597014925,
    "django__django-11138": 0.1044776119402985,
    "astropy__astropy-13033": 0.014925373134328358,
    "django__django-10554": 0.0,
    "django__django-11400": 0.0,
    "django__django-10999": 0.0,
    "astropy__astropy-13977": 0.0,
    "django__django-11087": 0.0,
    "astropy__astropy-13398": 0.0
  }
}